{
	"model": {
		"type": "minecraft:select",
		"property": "minecraft:custom_model_data",
		"cases": [
			{
				"when": "slim",
				"model": {
					"type": "minecraft:special",
					"base": "animated_java:blueprint/player_display/slim/head",
					"model": {
						"type": "minecraft:player_head"
					  }
				}
			}
		],
		"fallback": {
			"type": "minecraft:special",
			"base": "animated_java:blueprint/player_display/head",
			"model": {
				"type": "minecraft:player_head"
			  }
		},
		"tints": [
			{
				"type": "minecraft:dye",
				"default": [1, 1, 1]
			}
		]
	}
}