{
	"format_version": "1.21.6",
	"credit": "Made with Blockbench",
	"texture_size": [460, 543],
	"textures": {
		"0": "axmazs_nextbots:item/nb_knockers",
		"particle": "axmazs_nextbots:item/nb_knockers"
	},
	"elements": [
		{
			"from": [1, 0, 8],
			"to": [15, 16, 8],
			"rotation": {"angle": 0, "axis": "y", "origin": [8, 8, 8]},
			"faces": {
				"north": {"uv": [0, 0, 16, 15.94107], "texture": "#0"},
				"south": {"uv": [0, 0, 16, 16], "texture": "#0"}
			}
		}
	],
	"display": {
		"head": {
			"scale": [4, 4, 1]
		}
	}
}